{"cameraMode":{"drawMode":0,"name":"Shaded","section":"Shading Mode"},"sceneLighting":true,"audioPlay":false,"sceneViewState":{"m_AlwaysRefresh":true,"showFog":true,"showSkybox":true,"showFlares":true,"showImageEffects":true,"showParticleSystems":true,"showVisualEffectGraphs":true,"m_FxEnabled":true},"in2DMode":false,"pivot":{"x":-1.5706562995910645,"y":-0.4108240604400635,"z":1.878183364868164},"rotation":{"x":0.20306937396526338,"y":-0.3770696222782135,"z":0.0851067453622818,"w":0.8996430039405823},"size":3.4956746101379396,"orthographic":false}