{"cameraMode":{"drawMode":0,"name":"Shaded","section":"Shading Mode"},"sceneLighting":true,"audioPlay":false,"sceneViewState":{"m_AlwaysRefresh":true,"showFog":true,"showSkybox":true,"showFlares":true,"showImageEffects":true,"showParticleSystems":true,"showVisualEffectGraphs":true,"m_FxEnabled":true},"in2DMode":false,"pivot":{"x":-10.000914573669434,"y":-0.827243447303772,"z":11.84111213684082},"rotation":{"x":-0.05677289515733719,"y":0.33532631397247317,"z":-0.020243113860487939,"w":-0.9401827454566956},"size":8.177509307861329,"orthographic":false}