{"cameraMode":{"drawMode":0,"name":"Shaded","section":"Shading Mode"},"sceneLighting":true,"audioPlay":false,"sceneViewState":{"m_AlwaysRefresh":true,"showFog":true,"showSkybox":true,"showFlares":true,"showImageEffects":true,"showParticleSystems":true,"showVisualEffectGraphs":true,"m_FxEnabled":true},"in2DMode":false,"pivot":{"x":-0.3614335060119629,"y":-0.21712768077850343,"z":0.7138359546661377},"rotation":{"x":0.22322748601436616,"y":-0.3622753322124481,"z":0.08980769664049149,"w":0.9004786610603333},"size":1.8132011890411378,"orthographic":false}